name,ratingcount,price,kupon
BlackBörkV1 Unisex Kaplan35 Hayvan Logolu Beyaz-Siyah Baseball Cap Şapka,BlackBörkV1 Unisex Kaplan35 Hayvan Logolu Beyaz-Siyah Baseball Cap Şapka,(1),"321,13 TL"
BlackBörkV1 Baseball Kartal - 6 Logolu Unisex Bej Şapka (CAP),BlackBörkV1 Baseball Kartal - 6 Logolu Unisex Bej Şapka (CAP),(14),"319,99 TL"
BlackBörkV1 Trucker Duckside - 11 Logolu Unisex Siyah-beyaz Şapka (CAP),BlackBörkV1 Trucker Duckside - 11 Logolu Unisex Siyah-beyaz Şapka (CAP),(56),"319,06 TL"
BlackBörkV1 Baseball Samuray - 13 Logolu Unisex Lacivert Şapka (CAP),BlackBörkV1 Baseball Samuray - 13 Logolu Unisex Lacivert Şapka (CAP),(2),"319,99 TL"
BlackBörkV1 Trucker E Harf - 5 Logolu Unisex Siyah Şapka (CAP),BlackBörkV1 Trucker E Harf - 5 Logolu Unisex Siyah Şapka (CAP),(6),"319,99 TL"
BlackBörkV2 Trucker Limited Edition - 32 Logolu Unisex Antrasit-siyah Şapka (CAP),BlackBörkV2 Trucker Limited Edition - 32 Logolu Unisex Antrasit-siyah Şapka (CAP),(15),"329,99 TL"
BlackBörkV1 Trucker A Harf - 1 Logolu Unisex Siyah Şapka (CAP),BlackBörkV1 Trucker A Harf - 1 Logolu Unisex Siyah Şapka (CAP),(14),"319,99 TL"
BlackBörkV1 Trucker M Harf - 12 Logolu Unisex Siyah Şapka (CAP),BlackBörkV1 Trucker M Harf - 12 Logolu Unisex Siyah Şapka (CAP),(7),"319,99 TL"
BlackBörkV1 Baseball Che Guevara - 113 Logolu Unisex Siyah Şapka (CAP),BlackBörkV1 Baseball Che Guevara - 113 Logolu Unisex Siyah Şapka (CAP),(4),"344,69 TL"
BlackBörkV1 Baseball Balık - 2 Logolu Unisex Siyah Şapka (CAP),BlackBörkV1 Baseball Balık - 2 Logolu Unisex Siyah Şapka (CAP),(15),"344,69 TL"
BlackBörkV1 Trucker Kartal - 12 Logolu Unisex Beyaz-siyah Şapka (CAP)pka,BlackBörkV1 Trucker Kartal - 12 Logolu Unisex Beyaz-siyah Şapka (CAP)pka,(2),"339,99 TL"
BlackBörkV1 Unisex Trucker Renkli Aslan Logolu Haki-siyah Cap Şapka,BlackBörkV1 Unisex Trucker Renkli Aslan Logolu Haki-siyah Cap Şapka,(1),"319,99 TL"
